Security,LXID / ISIN,Rate Option,Maturity Date,Market Price,Spread,Floor,Seniority,Currency,Asset Type,Country of Domicile,Principal Balance,_section
Acuris Finance US Inc - Term B Loan (EUR),LX192467,Float,16-Feb-2028,100.46,4.00%,0.00%,Senior Secured,EUR,Loan,United Kingdom,"1,875,000.00",
Adevinta ASA - Euro Term Loan,LX190423,Float,22-Oct-2027,100.46,3.25%,0.00%,Senior Secured,EUR,Loan,Norway,"4,000,000.00",
AI Sirona (Luxembourg) Acquisition S.a.r.l. - Term Loan B,LX192479,Float,29-Sep-2025,99.93,3.75%,0.00%,Senior Secured,EUR,Loan,Germany,"3,500,000.00",
AlixPartners LLP - Initial Euro Term Loan,LX192165,Float,04-Feb-2028,100.16,3.25%,0.00%,Senior Secured,EUR,Loan,United States,"2,000,000.00",
AL-KO VT HOLDING GMBH - Additional Euro Term B-3 Loan,LX182797,Float,24-Jul-2024,100.19,4.00%,0.00%,Senior Secured,EUR,Loan,United States,"987,500.00",
AL-KO VT HOLDING GMBH - REPLACEMENT EURO TERM B-2 LOAN,LX171014,Float,24-Jul-2024,99.71,3.75%,0.00%,Senior Secured,EUR,Loan,United States,"169,359.60",
Alpha AB Bidco BV - Facility B Loan,LX175941,Float,30-Jul-2025,99.45,3.75%,0.00%,Senior Secured,EUR,Loan,Netherlands,"1,500,000.00",
Altice Financing SA - 3% - 01/2028,XS2102493389,Fixed,15-Jan-2028,95.15,3.00%,N/A,Senior Secured,EUR,Bond,Luxembourg,"4,750,000.00",
Altice Finco SA - 4.75% - 01/2028.,XS1577952440,Fixed,15-Jan-2028,96.05,4.75%,N/A,Senior Unsecured,EUR,Bond,Luxembourg,"3,000,000.00",
Altice France Holding SA - 4% - 02/2028,XS2138140798,Fixed,15-Feb-2028,93.27,4.00%,N/A,Senior Unsecured,EUR,Bond,France,"3,000,000.00",
Altice France S.A. (Ypso France SAS) - EUR TLB-11 Term Loan,LX162008,Float,31-Jul-2025,99.32,3.00%,0.00%,Senior Secured,EUR,Loan,France,"1,956,501.83",
Altice France S.A. (Ypso France SAS) - Tranche B-12 Loan - Euro,LX169001,Float,02-Feb-2026,99.33,3.00%,0.00%,Senior Secured,EUR,Loan,France,"496,147.27",
Aramark International Finance - 3.125% - 04/2025,XS1586831999,Fixed,01-Apr-2025,100.39,3.13%,N/A,Senior Unsecured,EUR,Bond,United States,"500,000.00",
Athena Bidco GmbH - Facility B,LX185571,Float,31-Mar-2027,99.48,3.00%,0.00%,Senior Secured,EUR,Loan,Germany,"3,000,000.00",
Auris Luxembourg III SARL - Facility B1,LX174821,Float,27-Feb-2026,99.38,4.00%,0.00%,Senior Secured,EUR,Loan,Singapore,"5,000,000.00",
Avantor Inc - Repriced Euro Term Loan B3 (2020 Euro),LX168604,Float,21-Nov-2024,100.39,2.50%,0.00%,Senior Secured,EUR,Loan,United States,"1,130,830.32",
Avast Software BV - 2019 Refinancing EUR Term Loan,LX183311,Float,29-Sep-2023,100.27,2.25%,0.00%,Senior Secured,EUR,Loan,Czech Republic,"3,660,720.21",
Banijay Entertainment SAS - Facility B (EUR) Loan,LX185438,Float,01-Mar-2025,99.99,3.75%,0.00%,Senior Secured,EUR,Loan,France,"500,000.00",
Banijay Group SAS - 6.5% - 03/2026,XS2112335752,Fixed,01-Mar-2026,98.45,6.50%,N/A,Senior Unsecured,EUR,Bond,France,"500,000.00",
Befesa SA - Facility B2,LX181129,Float,09-Jul-2026,100.17,2.00%,0.00%,Senior Secured,EUR,Loan,Germany,"2,000,000.00",
Bellis Acquisition Company PLC - First Lien Term Loan B,LX192631,Float,10-Feb-2026,100.48,2.75%,0.00%,Senior Secured,EUR,Loan,United Kingdom,"2,500,000.00",
Best Food of Nature Holdco III - Facility B Loan,LX181871,Float,11-Sep-2026,100.10,3.50%,0.00%,Senior Secured,EUR,Loan,France,"2,000,000.00",
Blitz 20-487 GmbH - Term Loan B,LX192491,Float,12-Feb-2028,100.22,3.50%,0.00%,Senior Secured,EUR,Loan,Germany,"1,500,000.00",
Boels Topholding B.V. - Facility B,LX186140,Float,06-Feb-2027,100.30,4.00%,0.00%,Senior Secured,EUR,Loan,Sweden,"1,000,000.00",
Boxer Parent Company Inc. - 2021 Replacement EURO TL,LX192760,Float,02-Oct-2025,99.97,4.00%,0.00%,Senior Secured,EUR,Loan,United States,"1,000,000.00",
BRUNELLO BIDCO SPA - Euribor+3.75% - 02/2028,XS2295691633,Float,15-Feb-2028,100.12,3.75%,0.00%,Senior Secured,EUR,Bond,Italy,"4,000,000.00",
BVI Medical Inc - Term Loan,LX185292,Float,02-Mar-2026,99.65,3.50%,0.00%,Senior Secured,EUR,Loan,Belgium,"3,000,000.00",
CAB - 3.375% - 02/2028,XS2294186965,Fixed,01-Feb-2028,100.07,3.38%,N/A,Senior Secured,EUR,Bond,France,"2,000,000.00",
CAB - Term Loan,LX192244,Float,09-Feb-2028,99.91,3.50%,0.00%,Senior Secured,EUR,Loan,France,"3,500,000.00",
Cambrex Corporation - Tranche B-1 Euro Term Loans,LX190666,Float,04-Dec-2026,101.00,4.75%,0.00%,Senior Secured,EUR,Loan,United States,"5,473,750.00",
CD&R Firefly Bidco Limited - Facility B2,LX173383,Float,23-Jun-2025,99.83,3.25%,0.00%,Senior Secured,EUR,Loan,United Kingdom,"3,000,000.00",
Cerebro Bidco Gmbh - Facility B1,LX190452,Float,15-Dec-2027,100.63,4.25%,0.00%,Senior Secured,EUR,Loan,Germany,"2,218,500.00",
Cerebro Bidco Gmbh - Facility B2,LX191527,Float,15-Dec-2027,100.63,4.25%,0.00%,Senior Secured,EUR,Loan,Germany,"1,281,500.00",
Ceva Sante Animale - Term Loan,LX179210,Float,13-Apr-2026,100.38,4.50%,0.00%,Senior Secured,EUR,Loan,France,"4,000,000.00",
Cidron Ollopa BV - Term B,LX172403,Float,16-Apr-2025,99.38,3.25%,0.00%,Senior Secured,EUR,Loan,Germany,"3,000,000.00",
CIDRON TBS NEWBIDCO LTD - Facility B (EUR) Loan,LX172323,Float,16-Apr-2025,98.98,3.00%,0.00%,Senior Secured,EUR,Loan,United States,"2,000,000.00",
Circet Odyssee SAS - Facility B,LX172053,Float,25-Apr-2025,99.85,3.25%,0.00%,Senior Secured,EUR,Loan,France,"3,000,000.00",
Cobalt Bidco - Facility B,LX190153,Float,26-Nov-2027,100.58,4.00%,0.00%,Senior Secured,EUR,Loan,France,"1,000,000.00",
Columbus Finance BV - Term Loan,LX185698,Float,05-Mar-2027,91.00,3.75%,0.00%,Senior Secured,EUR,Loan,Switzerland,"2,000,000.00",
